CREATE TABLE DB2ADMIN.ALMACENES
(
    NO_ALMACEN decimal(2) PRIMARY KEY NOT NULL
);
CREATE UNIQUE INDEX ALMACEN_PK ON DB2ADMIN.ALMACENES (NO_ALMACEN);
CREATE TABLE DB2ADMIN.ALMACENES_PRODUCTOS_A
(
    ALMACEN_NO_ALMACEN decimal(2) NOT NULL,
    PRODUCTOS_A_CODIGO_PRODUCTO varchar(8) NOT NULL,
    CONSTRAINT ALMACEN_PRODUCTO_A_PK PRIMARY KEY (ALMACEN_NO_ALMACEN, PRODUCTOS_A_CODIGO_PRODUCTO),
    CONSTRAINT ALMACEN_FKV3 FOREIGN KEY (ALMACEN_NO_ALMACEN) REFERENCES DB2ADMIN.ALMACENES (NO_ALMACEN),
    CONSTRAINT ALMACENES_PRODUCTOS_A_PRODUCTOS_A_FK FOREIGN KEY (PRODUCTOS_A_CODIGO_PRODUCTO) REFERENCES DB2ADMIN.PRODUCTOS_A (CODIGO_PRODUCTO)
);
CREATE UNIQUE INDEX ALMACEN_PRODUCTO_A_PK ON DB2ADMIN.ALMACENES_PRODUCTOS_A (ALMACEN_NO_ALMACEN, PRODUCTOS_A_CODIGO_PRODUCTO);
CREATE TABLE DB2ADMIN.ALMACEN_REGISTROS
(
    NO_ALMACEN decimal(2) NOT NULL,
    NO_REGISTRO_ALMACEN varchar(8) NOT NULL,
    CONSTRAINT ALMACEN_REGISTRO_PK PRIMARY KEY (NO_REGISTRO_ALMACEN, NO_ALMACEN),
    CONSTRAINT ALMACEN_FK FOREIGN KEY (NO_ALMACEN) REFERENCES DB2ADMIN.ALMACENES (NO_ALMACEN),
    CONSTRAINT ALMACEN_FKV2 FOREIGN KEY (NO_REGISTRO_ALMACEN) REFERENCES DB2ADMIN.REGISTRO_ALMACENES (NO_REGISTRO_ALMACEN)
);
CREATE UNIQUE INDEX ALMACEN_REGISTRO_PK ON DB2ADMIN.ALMACEN_REGISTROS (NO_REGISTRO_ALMACEN, NO_ALMACEN);
CREATE TABLE DB2ADMIN.CLIENTES
(
    CODIGO_CLIENTE varchar(20) PRIMARY KEY NOT NULL,
    NOMBRE_CLIENTE varchar(20),
    DIRECCION_CIUDAD varchar(10),
    DIRECCION_CALLE decimal(3),
    DIRECCION_AVENIDA decimal(3),
    NO_CUENTA_CORRIENTE varchar(8),
    CONSTRAINT CLIENTES_CUENTA_CORRIENTE_FK FOREIGN KEY (NO_CUENTA_CORRIENTE) REFERENCES DB2ADMIN.CUENTAS_CORRIENTES (NO_CUENTA_CORRIENTE)
);
CREATE UNIQUE INDEX CLIENTES_PK ON DB2ADMIN.CLIENTES (CODIGO_CLIENTE);
INSERT INTO DB2ADMIN.CLIENTES (CODIGO_CLIENTE, NOMBRE_CLIENTE, DIRECCION_CIUDAD, DIRECCION_CALLE, DIRECCION_AVENIDA, NO_CUENTA_CORRIENTE) VALUES ('00000010', 'DAVID', 'SPS', 31, 32, null);
INSERT INTO DB2ADMIN.CLIENTES (CODIGO_CLIENTE, NOMBRE_CLIENTE, DIRECCION_CIUDAD, DIRECCION_CALLE, DIRECCION_AVENIDA, NO_CUENTA_CORRIENTE) VALUES ('00000011', 'DAVID', 'SPS', 31, 32, null);
INSERT INTO DB2ADMIN.CLIENTES (CODIGO_CLIENTE, NOMBRE_CLIENTE, DIRECCION_CIUDAD, DIRECCION_CALLE, DIRECCION_AVENIDA, NO_CUENTA_CORRIENTE) VALUES ('00000012', 'DAVID', 'SPS', 31, 32, null);
INSERT INTO DB2ADMIN.CLIENTES (CODIGO_CLIENTE, NOMBRE_CLIENTE, DIRECCION_CIUDAD, DIRECCION_CALLE, DIRECCION_AVENIDA, NO_CUENTA_CORRIENTE) VALUES ('00000013', 'Raul', 'SPS', 31, 32, null);
INSERT INTO DB2ADMIN.CLIENTES (CODIGO_CLIENTE, NOMBRE_CLIENTE, DIRECCION_CIUDAD, DIRECCION_CALLE, DIRECCION_AVENIDA, NO_CUENTA_CORRIENTE) VALUES ('00000014', 'Raul', 'SPS', 31, 32, null);
INSERT INTO DB2ADMIN.CLIENTES (CODIGO_CLIENTE, NOMBRE_CLIENTE, DIRECCION_CIUDAD, DIRECCION_CALLE, DIRECCION_AVENIDA, NO_CUENTA_CORRIENTE) VALUES ('00000015', 'Raul', 'SPS', 31, 32, null);
INSERT INTO DB2ADMIN.CLIENTES (CODIGO_CLIENTE, NOMBRE_CLIENTE, DIRECCION_CIUDAD, DIRECCION_CALLE, DIRECCION_AVENIDA, NO_CUENTA_CORRIENTE) VALUES ('00000016', 'Raul', 'SPS', 31, 32, null);
CREATE TABLE DB2ADMIN.CORREO_CLIENTES
(
    ID_CORREO varchar(10) NOT NULL,
    CORREO varchar(20) NOT NULL,
    CODIGO_CLIENTE varchar(20) NOT NULL,
    CONSTRAINT CORREO_CLIENTES_PK PRIMARY KEY (CODIGO_CLIENTE, ID_CORREO, CORREO),
    CONSTRAINT CLIENTES_FK FOREIGN KEY (CODIGO_CLIENTE) REFERENCES DB2ADMIN.CLIENTES (CODIGO_CLIENTE)
);
CREATE UNIQUE INDEX CORREO_CLIENTES_PK ON DB2ADMIN.CORREO_CLIENTES (CODIGO_CLIENTE, ID_CORREO, CORREO);
CREATE TABLE DB2ADMIN.CORREO_PROVEEDORES
(
    ID_CORREO varchar(20) NOT NULL,
    CORREO varchar(20) NOT NULL,
    CODIGO_PROVEEDOR varchar(8) NOT NULL,
    CONSTRAINT CORREO_PROVEEDORES_PK PRIMARY KEY (ID_CORREO, CORREO, CODIGO_PROVEEDOR),
    CONSTRAINT PROVEEDORES_FK FOREIGN KEY (CODIGO_PROVEEDOR) REFERENCES DB2ADMIN.PROVEEDORES (CODIGO_PROVEEDOR)
);
CREATE UNIQUE INDEX CORREO_PROVEEDORES_PK ON DB2ADMIN.CORREO_PROVEEDORES (ID_CORREO, CORREO, CODIGO_PROVEEDOR);
CREATE TABLE DB2ADMIN.CTA_CORRIENTE_NOTAS
(
    NO_CUENTA_CORRIENTE varchar(8) NOT NULL,
    NO_NOTA varchar(8) NOT NULL,
    CONSTRAINT CTA_CORRIENTE_NOTAS_PK PRIMARY KEY (NO_NOTA, NO_CUENTA_CORRIENTE),
    CONSTRAINT CUENTA_CORRIENTE_FK FOREIGN KEY (NO_CUENTA_CORRIENTE) REFERENCES DB2ADMIN.CUENTAS_CORRIENTES (NO_CUENTA_CORRIENTE),
    CONSTRAINT NOTAS_FK FOREIGN KEY (NO_NOTA) REFERENCES DB2ADMIN.NOTAS (NO_NOTA)
);
CREATE UNIQUE INDEX CTA_CORRIENTE_NOTAS_PK ON DB2ADMIN.CTA_CORRIENTE_NOTAS (NO_NOTA, NO_CUENTA_CORRIENTE);
CREATE TABLE DB2ADMIN.CUENTAS_CORRIENTES
(
    NO_CUENTA_CORRIENTE varchar(8) PRIMARY KEY NOT NULL,
    SALDO decimal(6)
);
CREATE UNIQUE INDEX CUENTA_CORRIENTE_PK ON DB2ADMIN.CUENTAS_CORRIENTES (NO_CUENTA_CORRIENTE);
CREATE TABLE DB2ADMIN.DETALLES
(
    NO_DETALLE varchar(8) PRIMARY KEY NOT NULL
);
INSERT INTO DB2ADMIN.DETALLES (NO_DETALLE) VALUES ('00000001');
INSERT INTO DB2ADMIN.DETALLES (NO_DETALLE) VALUES ('00000002');
INSERT INTO DB2ADMIN.DETALLES (NO_DETALLE) VALUES ('00000003');
INSERT INTO DB2ADMIN.DETALLES (NO_DETALLE) VALUES ('00000004');
CREATE TABLE DB2ADMIN.DOCUMENTOS
(
    NO_DOCUMENTO varchar(8) PRIMARY KEY NOT NULL,
    OBSERVACIONES varchar(40),
    FECHA timestamp,
    DESCUENTO DOUBLE,
    PRECIO DOUBLE,
    CANTIDAD_PRODUCTOS decimal(3),
    IMPORTE_TOTAL decimal(6),
    NO_CUENTA_CORRIENTE varchar(8),
    CONSTRAINT DOCUMENTOS_CUENTA_CORRIENTE_FK FOREIGN KEY (NO_CUENTA_CORRIENTE) REFERENCES DB2ADMIN.CUENTAS_CORRIENTES (NO_CUENTA_CORRIENTE)
);
CREATE UNIQUE INDEX DOCUMENTOS_PK ON DB2ADMIN.DOCUMENTOS (NO_DOCUMENTO);
CREATE TABLE DB2ADMIN.GUIA_REMISION
(
    NO_GUIA varchar(8) PRIMARY KEY NOT NULL,
    TIPO_DESPACHO varchar(10),
    FECHA_GUIA timestamp,
    TOTAL_DESPACHADO decimal(6),
    NO_ORDEN_PEDIDO varchar(8),
    NO_DOCUMENTO varchar(8),
    NO_REGISTRO_ALMACEN varchar(8),
    CONSTRAINT ORDEN_PEDIDO_FKV2 FOREIGN KEY (NO_ORDEN_PEDIDO) REFERENCES DB2ADMIN.ORDEN_PEDIDOS (NO_ORDEN_PEDIDO),
    CONSTRAINT GUIA_REMISION_DOCUMENTOS_FK FOREIGN KEY (NO_DOCUMENTO) REFERENCES DB2ADMIN.DOCUMENTOS (NO_DOCUMENTO),
    CONSTRAINT GUIA_REMISION_REGISTRO_ALMACEN_FK FOREIGN KEY (NO_REGISTRO_ALMACEN) REFERENCES DB2ADMIN.REGISTRO_ALMACENES (NO_REGISTRO_ALMACEN)
);
CREATE UNIQUE INDEX GUIA_REMISION_PK ON DB2ADMIN.GUIA_REMISION (NO_GUIA);
CREATE TABLE DB2ADMIN.NOTAS
(
    NO_NOTA varchar(8) PRIMARY KEY NOT NULL,
    TIPO_NOTA varchar(10)
);
CREATE UNIQUE INDEX NOTAS_PK ON DB2ADMIN.NOTAS (NO_NOTA);
INSERT INTO DB2ADMIN.NOTAS (NO_NOTA, TIPO_NOTA) VALUES ('bbbb', 'credito');
INSERT INTO DB2ADMIN.NOTAS (NO_NOTA, TIPO_NOTA) VALUES ('cccc', 'debito');
CREATE TABLE DB2ADMIN.NOTAS_NOTA_INGRESO
(
    NO_NOTA_INGRESO varchar(8) NOT NULL,
    NO_NOTA varchar(8) NOT NULL,
    CONSTRAINT NOTAS_NOTA_INGRESO_PK PRIMARY KEY (NO_NOTA_INGRESO, NO_NOTA),
    CONSTRAINT NOTA_INGRESO_FKV4 FOREIGN KEY (NO_NOTA_INGRESO) REFERENCES DB2ADMIN.NOTA_INGRESOS (NO_NOTA_INGRESO),
    CONSTRAINT NOTAS_FKV2 FOREIGN KEY (NO_NOTA) REFERENCES DB2ADMIN.NOTAS (NO_NOTA)
);
CREATE UNIQUE INDEX NOTAS_NOTA_INGRESO_PK ON DB2ADMIN.NOTAS_NOTA_INGRESO (NO_NOTA_INGRESO, NO_NOTA);
CREATE TABLE DB2ADMIN.NOTA_INGRESOS
(
    NO_NOTA_INGRESO varchar(8) PRIMARY KEY NOT NULL,
    FECHA_NOTA_INGRESO timestamp,
    NO_ORDEN_COMPRA varchar(8),
    NO_REGISTRO_ALMACEN varchar(8),
    CONSTRAINT NOTA_INGRESO_ORDEN_COMPRA_FK FOREIGN KEY (NO_ORDEN_COMPRA) REFERENCES DB2ADMIN.ORDEN_COMPRAS (NO_ORDEN_COMPRA),
    CONSTRAINT NOTA_INGRESO_REGISTRO_ALMACEN_FK FOREIGN KEY (NO_REGISTRO_ALMACEN) REFERENCES DB2ADMIN.REGISTRO_ALMACENES (NO_REGISTRO_ALMACEN)
);
CREATE UNIQUE INDEX NOTA_INGRESO_PK ON DB2ADMIN.NOTA_INGRESOS (NO_NOTA_INGRESO);
CREATE TABLE DB2ADMIN.ORDEN_COMPRAS
(
    NO_ORDEN_COMPRA varchar(8) PRIMARY KEY NOT NULL,
    ESTADO varchar(10),
    LUGAR_ENTREGA varchar(20),
    FECHA_COMPRA timestamp,
    CONDICION_PAGO varchar(10),
    TOTAL_PRODUCTO_COMPRA DOUBLE,
    CODIGO_PROVEEDOR varchar(8),
    NO_DETALLE varchar(8),
    CONSTRAINT PROVEEDORES_FKV3 FOREIGN KEY (CODIGO_PROVEEDOR) REFERENCES DB2ADMIN.PROVEEDORES (CODIGO_PROVEEDOR)
);
CREATE UNIQUE INDEX ORDEN_COMPRA_PK ON DB2ADMIN.ORDEN_COMPRAS (NO_ORDEN_COMPRA);
INSERT INTO DB2ADMIN.ORDEN_COMPRAS (NO_ORDEN_COMPRA, ESTADO, LUGAR_ENTREGA, FECHA_COMPRA, CONDICION_PAGO, TOTAL_PRODUCTO_COMPRA, CODIGO_PROVEEDOR, NO_DETALLE) VALUES ('00000001', 'PENDIENTE', 'SPS', '2018-06-05 14:02:36.000000', 'efectivo', 100, '00000008', '00000001');
INSERT INTO DB2ADMIN.ORDEN_COMPRAS (NO_ORDEN_COMPRA, ESTADO, LUGAR_ENTREGA, FECHA_COMPRA, CONDICION_PAGO, TOTAL_PRODUCTO_COMPRA, CODIGO_PROVEEDOR, NO_DETALLE) VALUES ('00000002', 'PENDIENTE', 'SPS', '2018-06-05 14:02:58.000000', 'efectivo', 100, '00000010', '00000002');
CREATE TABLE DB2ADMIN.ORDEN_COMPRA_DOCUMENTOS
(
    NO_DOCUMENTO varchar(8),
    NO_ORDEN_COMPRA varchar(8) PRIMARY KEY NOT NULL,
    CONSTRAINT ORDEN_COMPRA_DOCUMENTOS_DOCUMENTOS_FK FOREIGN KEY (NO_DOCUMENTO) REFERENCES DB2ADMIN.DOCUMENTOS (NO_DOCUMENTO),
    CONSTRAINT ORDEN_COMPRA_DOCUMENTOS_ORDEN_COMPRA_FK FOREIGN KEY (NO_ORDEN_COMPRA) REFERENCES DB2ADMIN.ORDEN_COMPRAS (NO_ORDEN_COMPRA)
);
CREATE UNIQUE INDEX ORDEN_COMPRA_DOCUMENTOS_NO_ORDEN_COMPRA_PK ON DB2ADMIN.ORDEN_COMPRA_DOCUMENTOS (NO_ORDEN_COMPRA);
CREATE TABLE DB2ADMIN.ORDEN_PEDIDOS
(
    NO_ORDEN_PEDIDO varchar(8) PRIMARY KEY NOT NULL,
    ESTADO varchar(10),
    LUGAR_ENTREGA varchar(20),
    CONDICION_PAGO varchar(10),
    FECHA_ENTREGA timestamp,
    TOTAL_PRODUCTO DOUBLE,
    TIPO_PEDIDO varchar(20),
    CODIGO_CLIENTE varchar(20),
    NO_DETALLE varchar(8),
    CONSTRAINT CLIENTES_FKV3 FOREIGN KEY (CODIGO_CLIENTE) REFERENCES DB2ADMIN.CLIENTES (CODIGO_CLIENTE)
);
CREATE UNIQUE INDEX ORDEN_PEDIDO_PK ON DB2ADMIN.ORDEN_PEDIDOS (NO_ORDEN_PEDIDO);
INSERT INTO DB2ADMIN.ORDEN_PEDIDOS (NO_ORDEN_PEDIDO, ESTADO, LUGAR_ENTREGA, CONDICION_PAGO, FECHA_ENTREGA, TOTAL_PRODUCTO, TIPO_PEDIDO, CODIGO_CLIENTE, NO_DETALLE) VALUES ('00000001', 'HECHO', 'SB', 'efectivo', '2018-06-05 14:24:13.000000', 5000, 'mostrador', '00000010', '00000003');
INSERT INTO DB2ADMIN.ORDEN_PEDIDOS (NO_ORDEN_PEDIDO, ESTADO, LUGAR_ENTREGA, CONDICION_PAGO, FECHA_ENTREGA, TOTAL_PRODUCTO, TIPO_PEDIDO, CODIGO_CLIENTE, NO_DETALLE) VALUES ('00000002', 'HECHO', 'SB', 'efectivo', '2018-06-05 14:25:56.000000', 5000, 'mostrador', '00000011', '00000004');
CREATE TABLE DB2ADMIN.PEDIDOS_DOCUMENTOS
(
    NO_DOCUMENTO varchar(8),
    NO_ORDEN_PEDIDO varchar(8) PRIMARY KEY NOT NULL,
    CONSTRAINT PEDIDOS_DOCUMENTOS_DOCUMENTOS_FK FOREIGN KEY (NO_DOCUMENTO) REFERENCES DB2ADMIN.DOCUMENTOS (NO_DOCUMENTO),
    CONSTRAINT PEDIDOS_DOCUMENTOS_ORDEN_PEDIDOS_FK FOREIGN KEY (NO_ORDEN_PEDIDO) REFERENCES DB2ADMIN.ORDEN_PEDIDOS (NO_ORDEN_PEDIDO)
);
CREATE UNIQUE INDEX PEDIDOS_DOCUMENTOS_NO_ORDEN_PEDIDO_PK ON DB2ADMIN.PEDIDOS_DOCUMENTOS (NO_ORDEN_PEDIDO);
CREATE TABLE DB2ADMIN.PRODUCTOS
(
    CODIGO_PRODUCTO varchar(8) PRIMARY KEY NOT NULL,
    LINEA_PRODUCTO varchar(10),
    TIPO_PRODUCTO varchar(10),
    ACTIVO_PRODUCTO varchar(10),
    UNIDAD_MEDIDA_PRODUCTO DOUBLE,
    CENTRO_COSTO_PRODUCTO decimal(6),
    DESTINO_PRODUCTO varchar(20),
    DESCRIPCION_PRODUCTO varchar(30)
);
CREATE UNIQUE INDEX PRODUCTO_PK ON DB2ADMIN.PRODUCTOS (CODIGO_PRODUCTO);
CREATE TABLE DB2ADMIN.PRODUCTOS_A
(
    CODIGO_PRODUCTO varchar(8) PRIMARY KEY NOT NULL,
    CONTROL_STOCK decimal(6),
    STOCK_MIN decimal(6),
    STOCK_MAX decimal(6),
    CONSTRAINT PRODUCTO_FK FOREIGN KEY (CODIGO_PRODUCTO) REFERENCES DB2ADMIN.PRODUCTOS (CODIGO_PRODUCTO)
);
CREATE UNIQUE INDEX PRODUCTO_A_PK ON DB2ADMIN.PRODUCTOS_A (CODIGO_PRODUCTO);
CREATE TABLE DB2ADMIN.PRODUCTOS_DETALLES
(
    CANTIDAD_PRODUCTOS DOUBLE,
    DESCUENTO_PRODUCTO DOUBLE,
    PRECIO_PRODUCTO DOUBLE,
    NO_DETALLE varchar(8) NOT NULL,
    CODIGO_PRODUCTO varchar(8) NOT NULL,
    CONSTRAINT PRODUCTOS_DETALLES_NO_DETALLE_CODIGO_PRODUCTO_PK PRIMARY KEY (NO_DETALLE, CODIGO_PRODUCTO),
    CONSTRAINT NO_DETALLE_FK FOREIGN KEY (NO_DETALLE) REFERENCES DB2ADMIN.DETALLES (NO_DETALLE),
    CONSTRAINT CODIGO_PRODUCTO_FK FOREIGN KEY (CODIGO_PRODUCTO) REFERENCES DB2ADMIN.PRODUCTOS (CODIGO_PRODUCTO)
);
CREATE UNIQUE INDEX PRODUCTOS_DETALLES_NO_DETALLE_CODIGO_PRODUCTO_PK ON DB2ADMIN.PRODUCTOS_DETALLES (NO_DETALLE, CODIGO_PRODUCTO);
CREATE TABLE DB2ADMIN.PROVEEDORES
(
    CODIGO_PROVEEDOR varchar(8) PRIMARY KEY NOT NULL,
    RAZON_SOCIAL varchar(20),
    ESTADO varchar(10),
    NOMBRE varchar(20),
    DIRECCION_CIUDAD varchar(10),
    DIRECCION_CALLE decimal(3),
    DIRECCION_AVENIDA decimal(3),
    NO_CUENTA_CORRIENTE varchar(8),
    CONSTRAINT PROVEEDORES_CUENTA_CORRIENTE_FK FOREIGN KEY (NO_CUENTA_CORRIENTE) REFERENCES DB2ADMIN.CUENTAS_CORRIENTES (NO_CUENTA_CORRIENTE)
);
CREATE UNIQUE INDEX PROVEEDORES_PK ON DB2ADMIN.PROVEEDORES (CODIGO_PROVEEDOR);
INSERT INTO DB2ADMIN.PROVEEDORES (CODIGO_PROVEEDOR, RAZON_SOCIAL, ESTADO, NOMBRE, DIRECCION_CIUDAD, DIRECCION_CALLE, DIRECCION_AVENIDA, NO_CUENTA_CORRIENTE) VALUES ('00000008', 'ibm', 'activo', 'ibm', 'sps', 21, 12, null);
INSERT INTO DB2ADMIN.PROVEEDORES (CODIGO_PROVEEDOR, RAZON_SOCIAL, ESTADO, NOMBRE, DIRECCION_CIUDAD, DIRECCION_CALLE, DIRECCION_AVENIDA, NO_CUENTA_CORRIENTE) VALUES ('00000009', 'ibm', 'activo', 'ibm', 'sps', 21, 12, null);
INSERT INTO DB2ADMIN.PROVEEDORES (CODIGO_PROVEEDOR, RAZON_SOCIAL, ESTADO, NOMBRE, DIRECCION_CIUDAD, DIRECCION_CALLE, DIRECCION_AVENIDA, NO_CUENTA_CORRIENTE) VALUES ('00000010', 'ibm', 'activo', 'ibm', 'sps', 21, 12, null);
INSERT INTO DB2ADMIN.PROVEEDORES (CODIGO_PROVEEDOR, RAZON_SOCIAL, ESTADO, NOMBRE, DIRECCION_CIUDAD, DIRECCION_CALLE, DIRECCION_AVENIDA, NO_CUENTA_CORRIENTE) VALUES ('00000011', 'ibm', 'activo', 'ibm', 'sps', 21, 12, null);
INSERT INTO DB2ADMIN.PROVEEDORES (CODIGO_PROVEEDOR, RAZON_SOCIAL, ESTADO, NOMBRE, DIRECCION_CIUDAD, DIRECCION_CALLE, DIRECCION_AVENIDA, NO_CUENTA_CORRIENTE) VALUES ('00000012', 'ibm', 'activo', 'ibm', 'sps', 21, 12, null);
INSERT INTO DB2ADMIN.PROVEEDORES (CODIGO_PROVEEDOR, RAZON_SOCIAL, ESTADO, NOMBRE, DIRECCION_CIUDAD, DIRECCION_CALLE, DIRECCION_AVENIDA, NO_CUENTA_CORRIENTE) VALUES ('00000013', 'ibm', 'activo', 'ibm', 'sps', 21, 12, null);
INSERT INTO DB2ADMIN.PROVEEDORES (CODIGO_PROVEEDOR, RAZON_SOCIAL, ESTADO, NOMBRE, DIRECCION_CIUDAD, DIRECCION_CALLE, DIRECCION_AVENIDA, NO_CUENTA_CORRIENTE) VALUES ('00000014', 'ibm', 'activo', 'ibm', 'sps', 21, 12, null);
INSERT INTO DB2ADMIN.PROVEEDORES (CODIGO_PROVEEDOR, RAZON_SOCIAL, ESTADO, NOMBRE, DIRECCION_CIUDAD, DIRECCION_CALLE, DIRECCION_AVENIDA, NO_CUENTA_CORRIENTE) VALUES ('00000015', 'ibm', 'activo', 'ibm', 'sps', 21, 12, null);
INSERT INTO DB2ADMIN.PROVEEDORES (CODIGO_PROVEEDOR, RAZON_SOCIAL, ESTADO, NOMBRE, DIRECCION_CIUDAD, DIRECCION_CALLE, DIRECCION_AVENIDA, NO_CUENTA_CORRIENTE) VALUES ('00000016', 'ibm', 'activo', 'ibm', 'sps', 21, 12, null);
CREATE TABLE DB2ADMIN.REGISTRO_ALMACENES
(
    NO_REGISTRO_ALMACEN varchar(8) PRIMARY KEY NOT NULL,
    ALMACEN_ENTRADA decimal(2),
    ALMACEN_SALIDA decimal(2)
);
CREATE UNIQUE INDEX REGISTRO_ALMACEN_PK ON DB2ADMIN.REGISTRO_ALMACENES (NO_REGISTRO_ALMACEN);
CREATE TABLE DB2ADMIN.TELEFONO_CLIENTES
(
    TELEFONO varchar(10) NOT NULL,
    CODIGO_CLIENTE varchar(8) NOT NULL,
    CONSTRAINT TELEFONO_CLIENTES_TELEFONO_CODIGO_CLIENTE_PK PRIMARY KEY (TELEFONO, CODIGO_CLIENTE),
    CONSTRAINT CODIGO_CLIENTE_FK FOREIGN KEY (CODIGO_CLIENTE) REFERENCES DB2ADMIN.CLIENTES (CODIGO_CLIENTE)
);
CREATE UNIQUE INDEX TELEFONO_CLIENTES_TELEFONO_CODIGO_CLIENTE_PK ON DB2ADMIN.TELEFONO_CLIENTES (TELEFONO, CODIGO_CLIENTE);
CREATE TABLE DB2ADMIN.TELEFONO_PROVEEDORES
(
    TELEFONO decimal(10) NOT NULL,
    CODIGO_PROVEEDOR varchar(8) NOT NULL,
    CONSTRAINT TELEFONO_PROVEEDORES_PK PRIMARY KEY (CODIGO_PROVEEDOR, TELEFONO),
    CONSTRAINT PROVEEDORES_FKV2 FOREIGN KEY (CODIGO_PROVEEDOR) REFERENCES DB2ADMIN.PROVEEDORES (CODIGO_PROVEEDOR)
);
CREATE UNIQUE INDEX TELEFONO_PROVEEDORES_PK ON DB2ADMIN.TELEFONO_PROVEEDORES (CODIGO_PROVEEDOR, TELEFONO);